Domestic Traffic (Passenger Movements) at Airports in India,,,
(2015-2016 to 2017-2018-upto July 2017),,,
(In Number),,,
Airports,2015-16,2016-17,2017-18*
(A) InternationalÂ  Airports,,,
Chennai,10340948,13153967,4796903
Kolkata,10606886,13589468,5262877
Ahmedabad,4911576,5619373,2235000
Goa,4729710,6051602,2155113
Lucknow,2649146,3307351,1185204
Trivandrum,1196245,1571767,591504
Guwahati,2752418,3759494,1502354
Jaipur,2523818,3332496,1211253
Calicut,366413,439980,169391
Bhubaneswar,1878559,2303623,896941
Coimbatore,1560092,1964709,709790
Srinagar,2304199,2088871,898792
Varanasi,1314046,1811617,544874
Mangalore,1007391,1026897,439905
Amritsar,892985,1028317,461075
Trichy,147437,168870,38666
Portblair,870957,1237824,440904
Imphal,766799,886181,327832
Total,50819625,63342407,23868378
(B) JV InternationalÂ  Airports,,,
Delhi (DIAL),34271993,42205712,15478942
Mumbai (MIAL),30045933,32712453,11143804
Bangalore (BIAL),15604979,19281966,6907017
Hyderabad (GHIAL),9230262,11732611,4366460
Cochin (CIAL),3095953,3954917,1406731
Nagpur (MIPL),1520963,1782212,638006
Total,93770083,111669871,39940960
(C) Custom Airports,,,
Pune,5176210,6540312,2480683
Visakhapatnam,1683018,2260180,787194
Patna,1584013,2112150,948343
Chandigarh,1534058,1749247,817119
Bagdogra,1048764,1499072,741546
Madurai,581301,711134,357766
Aurangabad,298609,324576,106626
Gaya,46952,64648,12614
Total,11952925,15261319,6251891
(D) Domestic Airports,,,
Indore,1689986,1782585,716221
Raipur,1206844,1396179,447292
Agartala,921591,1183867,433340
Jammu,1117252,1159937,452950
Vadodara,931092,1103981,324732
Udaipur,711019,1089899,312070
Ranchi,734315,1030238,469015
Dehradun,471542,882564,363230
Bhopal,659986,674399,223299
Vijayawada,398643,622354,220869
Leh,408541,563800,293453
Tirupati,371060,486029,178421
Rajkot,413207,405518,114863
Jodhpur,301859,350583,133534
Dibrugarh,319646,305796,113351
Rajahmundry,223903,261348,84966
Silchar,200855,212228,104929
Surat,94824,194688,182493
Bhuj,148350,186511,41614
Juhu,173801,174526,57688
Jabalpur,153409,169994,71865
Dimapur,111756,144449,58207
Guggal (Kangra),78544,108245,49223
Tuticorin,91978,102410,32672
Belgaum,127777,98574,35238
Jamnagar,84403,82166,22440
Khajuraho,62659,58861,7612
Jorhat,53224,58266,24233
Gorkhpur,11221,54012,48798
Allahabad,56129,45015,15350
Agatti,30010,30901,12226
Hubli,38973,25928,8377
Bhuntar,22908,25692,10237
Bhavnagar,43070,22456,10380
Diu,28789,18369,5970
Gwalior,8586,16425,7094
Barapani (Shillong),11565,13376,5562
Pantnagar,7916,12762,6345
Lakhimpur (Lilabari),6229,11042,4247
Agra,9557,9686,1143
Tezpur,5063,7889,2777
Bhatinda,-,-,4614
Porbandar,15716,3384,4872
Kanpur(Chakeri),197,3211,1898
Cuddapah,1737,3177,8226
Bikaner,-,-,673
Jaisalmer,-,-,0
Ludhiana,-,-,18
Kolhapur,-,-,6
Shimla,-,-,2816
Pondicherry,5588,13,-
Mysore,1190,31,-
Total,12537721,15174995,5731449
(E) St. Govt. / Pvt Airports,,,
Lengpui (Aizwal),175137,235613,99959
Durgapur,8515,5950,5094
Nanded,33,6,6337
Mundra,0,0,0
Total,212474,259938,111390
(F) Other Airports,187,4509,2935
Grand Total (A+B+C+D+E+F),169293015,205713039,75907003
,,,
Abbr. : BIAL : Bangalore International Airport Limited.,,,
Â Â Â Â Â Â Â Â Â Â Â  CIAL : Cochin International Airport Limited.,,,
Â Â Â Â Â Â Â Â Â Â Â  DIAL : Delhi International Airport Limited.,,,
Â Â Â Â Â Â Â Â Â Â Â  MIAL : Mumbai International Airport Limited .,,,
Â Â Â Â Â Â Â Â Â Â Â  MIPL : Maharashtra International Airport Pvt. Ltd.,,,
Â Â Â Â Â Â Â Â Â Â Â  GHIAL : GMR Hyderabad International Airport Limited.,,,
Note : * : upto July 2017.,,,
Source : Airports Authority of India.,,,
